gmackiewicz,Versa
KrzysztofBarbarski, 0-VolleyballMemorySpike
fifarafa, eventsourced
Cwirek95, LinkedChain
fszymaniak, TestFrameworkBoilerplate
mrozinsky, geotools
leszekpriv, ecplugin
Adriann77, GPTQuizBuilder
Atholn, PokeWars
MiloszKowalski, workchopin
dambo1993,PSU_lcd
Grubre, 100CommitsStrategyGame
jklebucki, AJKIOTSolution
MagicCactus42, susurri
DamianKrol0, CarRentalApp
Maroosek, OSRS-Helper
j3k01, Tradyn
igoDal, CompanyBudgetTracker
bartonquality, 100commits
ajkvision, works-for-me
Himselfy,HugAPet
Maczi01, mcrun
krulkamyl, my-animal-shelter
MilekJakub, Forgotten-Realm
kacpereqo, hereJob
kubawajs, nursery-nav
ogiusek, php_cms
dasli333, rpg-campaign-manager
pogos, investlog
krzyhan, contri
pszweda,100commitow
pawelprimus, IApp
wojtekMate, Statera
ketiovv, raiNbow
pohlaniacz, wysiwihyg
jacobsoftware, market-overview-and-analyze
mleczakm, wlacz
piotrwita, trail-r
tyson90, luggage-sharing
wojciechOlszewski1, e-kancelaria
dfyda,slothful-crud
karol2502, PuuClocks
tavadur, fooist
PatykKon, meeting-sport-app
MateuszPolarczyk, bajkomat
KarolDawidG, Paper_Company
PPawlaszczyk, 100-commits-project
mlukasz7, GitGotchi
tomaszjopek, just-annotate
mrdannael, sololeveling
Sevdariel,MenuChooser
Prakson, checkers
AleX4270, cash-flow
RafalWeglinski, fitbella
blumek, aura-tower
jwalczak-dev, linux-dashboard
RFLewandowski, resume-generator
intelxd86, planning-poker
LukaszST, poke-platform
smigiela, land-lord-app
dukecoding,100-days-of-php
a-pb, po-min
Szurag, restauration-system
HemlockM, 100-The-Sweetest-Dungeon
rafjanik, edu-platform
piotrziolko, EthiQuest
Bartek-00, Fields-Management
davidcz95, macos-envvar
Rabarbara2, animal-shelter-website
andrzejlatocha, kaizenITSM
Comandeer,DocoJS
artskoczylas, PortfolioEye
pmalisak, client
Marpop, suber
blazycaBlazej, gymApp
Elldrigar, na-regale
afronski, cedar-forest-game
BartekS11, RustCaster
gryczanm, punkty-archeo
JustDunia, ShooterLink
ponadnorme,Shop-AI
michlo23, node-ecom
TomaszCzyz, hands_tracking_workshop
mayrand, keepmd
lukaszmojek, LoreLeaf
rudashi, fluent-regex
Soer14, firma
ajgoralczyk, 100-commits
MatteoDelOmbra, budget-badger-web
mkurc1, climbingcrux_model
blahutakrystian,home-management-assistant
sebastianrozmus, neuro-processor
ellismht, place-plays
dominik-air, ArticuLearn
sik0r, teammates
KarolMaliglowka, SurveysPortal
Laxynium, devops_insights
patryksladek, InvoiceR
carving85, PartsMag
hciupinski, TripAhead
gmackiewicz,Versa
KrzysztofBarbarski, 0-VolleyballMemorySpike
fifarafa, eventsourced
Cwirek95, LinkedChain
fszymaniak, TestFrameworkBoilerplate
mrozinsky, geotools
leszekpriv, ecplugin
Adriann77, GPTQuizBuilder
Atholn, PokeWars
MiloszKowalski, workchopin
dambo1993,PSU_lcd
Grubre, 100CommitsStrategyGame
jklebucki, AJKIOTSolution
MagicCactus42, susurri
DamianKrol0, CarRentalApp
Maroosek, OSRS-Helper
j3k01, Tradyn
igoDal, CompanyBudgetTracker
bartonquality, 100commits
ajkvision, works-for-me
Himselfy,HugAPet
Maczi01, mcrun
krulkamyl, my-animal-shelter
MilekJakub, Forgotten-Realm
kacpereqo, hereJob
kubawajs, nursery-nav
ogiusek, php_cms
dasli333, rpg-campaign-manager
pogos, investlog
krzyhan, contri
pszweda,100commitow
pawelprimus, IApp
wojtekMate, Statera
ketiovv, raiNbow
pohlaniacz, wysiwihyg
jacobsoftware, market-overview-and-analyze
mleczakm, wlacz
piotrwita, trail-r
tyson90, luggage-sharing
wojciechOlszewski1, e-kancelaria
dfyda,slothful-crud
karol2502, PuuClocks
tavadur, fooist
PatykKon, meeting-sport-app
MateuszPolarczyk, bajkomat
KarolDawidG, Paper_Company
PPawlaszczyk, 100-commits-project
mlukasz7, GitGotchi
tomaszjopek, just-annotate
mrdannael, sololeveling
Sevdariel,MenuChooser
Prakson, checkers
AleX4270, cash-flow
RafalWeglinski, fitbella
blumek, aura-tower
jwalczak-dev, linux-dashboard
RFLewandowski, resume-generator
intelxd86, planning-poker
LukaszST, poke-platform
smigiela, land-lord-app
dukecoding,100-days-of-php
a-pb, po-min
Szurag, restauration-system
HemlockM, 100-The-Sweetest-Dungeon
rafjanik, edu-platform
piotrziolko, EthiQuest
Bartek-00, Fields-Management
davidcz95, macos-envvar
Rabarbara2, animal-shelter-website
andrzejlatocha, kaizenITSM
Comandeer,DocoJS
artskoczylas, PortfolioEye
pmalisak, client
Marpop, suber
blazycaBlazej, gymApp
Elldrigar, na-regale
afronski, cedar-forest-game
BartekS11, RustCaster
gryczanm, punkty-archeo
JustDunia, ShooterLink
ponadnorme,Shop-AI
michlo23, node-ecom
TomaszCzyz, hands_tracking_workshop
mayrand, keepmd
lukaszmojek, LoreLeaf
rudashi, fluent-regex
Soer14, firma
ajgoralczyk, 100-commits
MatteoDelOmbra, budget-badger-web
mkurc1, climbingcrux_model
blahutakrystian,home-management-assistant
sebastianrozmus, neuro-processor
ellismht, place-plays
dominik-air, ArticuLearn
sik0r, teammates
KarolMaliglowka, SurveysPortal
Laxynium, devops_insights
patryksladek, InvoiceR
carving85, PartsMag
hciupinski, TripAhead
FritzTheCat9,YoutubeLinks
J-Janus, SequentialDay
KrystianKlik, financial-advisor
Adriano1324, budget-tracker
gwalus, Dollet
SingleUnitBox, SurveyStore
Raptek, timeular-api
rusin94, modern-football-supporters
NickoByte, modulR
jasokolowska, wheel-wise-app
MRmlik12,note-shr
kstypik, letteranne
michalmroczek, quiz-crafter
MatthMazur, harbor-mobile
erpkis, shipping_app
Karlos348, dBlik
wardzinskim, my-budget
papugamichal, 100commits
dtarczynski, Qfund
nickofc, backynet
RafKulas,100-commit-challange
Olqa00, Clean_Cosmetic_Salon
rostrowicki, zeenonprime
piotr-wrobel, 100com_project
creyn, Poland-on-maps
susnil, FutureMirror
RadoslawCzubak, bikeer
bartoszlenar, dotnet-fences
gggkamil, Dawkarium
ticklish-caiman, FunGA
Ezqull,build-balance-backend
cezarysanecki, parking-domain
krzysztofowsiany, FolderInboxZero
kashiash, driversbuddy
PawelHaracz, labraboard
Troom, blazet
TortillaZHawaii, GrainAuger
rtynski, kiwi-load
wbiegala, receipt-analyzer
BlazejKalkowski, ClinicScheduler
Sadzio98,taqrum
mateuszradny, Hermsoft.EntityFrameworkCore.DynamicOData
DanielSzopa, DreamRooms
Frognar, Expense-Explorer
Wasiewicz11, planme
KlaudiaLapisz, MoviesRating
mangekyousharingan, satoshi-guard
bambetel, quack
MJakubowska359, 100commits-project
pq4u, GymHero
KostkaMateusz,FastJobs
Ununtuplicate, 100commit
LupusEternus, myVinylApp
Marcin99b, VirtualEconomy
Havret, dotnet-activemq-artemis-core-client
JakubRoks1, int-prep-app
RobertAmbroziak, BudgetWallet
joajar, 100-commits-challenge
obol007, design-patterns
Ihuarraquax, udup
hsoczewka,e-kid
mjanuszko, DocDoc
Shakkozu, omniom
SlaVic31, frugal-forge
TuanDangIT, ShoppingBot
DubieleckiBartosz, GardenApp
LukaszTry, 100commits
karoljanic, stem-soccer
SokolAK, TeamTelly
PietrovW, Mercurius
majkel89,watchtower
Yigrashill, FinToUp
Czarny96, ContentManager
Olszewskidev, lens-up
tomerodan, UsersManagerTemplate
dalionsystem, dataGuard
pszybiak, openapi-2-excel
margosmat, translord
GrPe, Overmoney
piotrkukucharski, StoneDB
KKamila1,cupofcode
pregula, cigarbase
suligapawel, pay-it-forward
svCcare, AdventOfSharedTools
b-y-t-e, ccode
marikaglinka, personal_finances
qiu-x, cellmaster
gagop, blueprint-hub
krzyspie, Euro2024Challenge
romabliski, data-mover
sapiech,100commits
winiad, SkillPill
mlysien, integrify
WujekPuchatek, dicom-viewer
kateusz, ReSausage
monpie3, nonogram
piotrInformatyka, YourWaiter
marcin-brzozowski, terraform-provider-swaggerhub
ReallyLastOne, drivers
Marcin-Lach, javsc
matizaj,go-apps
bednarz1990, EstimaSync
pcmagik, 100_days_to_devops
BartlomiejSwit, My-First-Game
ptrcr, znvs
Papyszoo, GamifiedBusiness
unm4sked, finch
Cytryn31, MyHub
jszafran, python-bdl-client
Kamydof, Parking
Kmiecc,MyTradingBot
piotrbulkowski, Fitanalyzer
yyx990805, 100commitow-projekt
Dawiderter, 100CommitsGameLang
klukas18, 100commits-app
wasinski, pyvelope
lukasz-er1, remote-cmd-hub
netspie, tweez
Wookashi, FeatureSwitcher
EnderASz, PyEventFlow
23vbq,tv-managing-system
asmie, organAIzer
nogiecb, sastx
proxna, project-bambik-ai
piotrbrzuska, MassTransit.Extensions
ArpegiusWhooves, SerdeBuilderDeserializer
krepi, dishdock
rarmand, my-entrepreneurship
cezary-kania, GigiTrucks
nkoss98, skill-sway
damiankulon,planner
miroslawjagiello, sound-analyzer
QuantumFlare55, 100commits
karolk53, FlatRent
pawelkurlenda, cafard
strefaprogramowania, SimpleScriptLanguage
0x8b, insight-fusion
stepaniukm, event-store-ts
KreskaDev, EnterpriseEventStore
MichalGronko, SnackMentor
mfwojciechowski,ApiComposer
klucyszy, freethings
itkrzysztofc, my-keypass-app
bsacharski, rust-conventional-commits
ArcticLeopard, Freezbe
Szymczek, 100-resoraki
Szogunn, MessengerX
xpaweee, astro-rs
OfficialYeti, frisbee
MegiJ, plannerApp
bazko1,habitui
arksimatic, hoarder
RonnieColeslaw, 100-commits
ola-zbieranska, easy-free-dashboard-app
DWolanski, Cell-S-Dial
brtlmiej, webfren
PiotrWalczak2001, Hello-Isekai
damiantomczyszyn, MaixduinoAI
Harriet92, mymatch3
emgiezet, inoutbox
mateuszjarzyna,TravelTale
Imbasaur, gomoku
arturstan, goal-proj-fire
Pawel-Junak, ZenRss
kamilslaw, infinite-family-tree
mharbuz, itttoc-exercises
pieetrus, rust_eton
rayros, image-resizer
Dzmitry-Danilovich, 100commitowpl
matkw, sharp
awcz,torch
smydolf, smarthome
PiotrFerenc, mash2
TheNuRii, 100commits
elhispanopolako, personalSite
Gacut, ZabezpieczDusze
PiotrWachulec, vm-start-stop
matsior, summer-framework
Michal-Sta, Formify
fifeek0, voteChain
JozwiakPiotr,OpenID-for-Net
pikolinianita, ChemHelper
KubiakDev85, BookIt
gumowakaczka, cvbot
goguson, Bvck3t
Pietrzaaq, what-plans
tomwis, munit
lukaszzychal, 100commit
kubwosz, citatio
Norbiox, spiewnik-pielgrzyma
dealen,RustyOpenAI
gagyn, ClimateMonitor
Biniszer, M-Hub
krystiankot, e-commerce
szLewandowski, library-app
Limanov, c100-game
stysiok, streymi
pzdebik, word-spitter
dezzaired, competition-project
barpaw, blog
jakubstankowski,it-mentor
bielecki-bs, my-todo-app
dawid-majka, DFS
janek1222, social-parser
lzieniew, 100_commitow
MartaDogonska, My-personal-app
dominik-gasior, custom-data-seeder
sk0gen, wallet-tracker
mickuf, WeatherMonitor
nightbikerdev, schapka
mkarebski,ebookshelf
0VINCI, someApp
skuzi123, DietManagementApp
doobyd, maxduino
Bebodeveloper, 100commitow
Darylsonn, grizzly-task-manager
mwozniak97, k8s-assistant
mikasjp, dunno
jokon, gems-viewer
jaceksupernak, nucleartest
suchencjusz,filman
frizikk, 100commitow
patryick, finances-tracker
kulasik, mariusz_voice-assistant
enzonzee, Bitwer.RE
Kemott, laravel-quick-files-generator
darthkurak, LeverageGuru
Meteoeoeo, EasyCache
KSYMEK, Small-Map
Simon1PL, MonaLisaComparison
Rafajti,ToDoAppExtend
jakubkoziel992, learning_java
paramah, hajduk
wisnie, marco
MedItDev, med-crm
Kasia-Szmulewicz, 100-commitow-challenge
knrd, goFavo
PhD200988, cognitive-load
Zorzin, MergeManager
pwasiewicz, PwKeyVault
bwajman,100commitow
Mihalek, GymSpace
bagietax, PalVoter
solowiejmaciej, Piver
lukaszkrec, SpreadCharts
pwidanka, angular
mz797, Cooking-Good
maksym-sierszen, CryApp
AeolusTech, ECGlyzer-v2
leszekszumilowski, esklep
kgasiorek,eworld
spatrick01, finances-tracker
SeveToo, fizyka
JasmineTeaCup, FormShaper.NET
hikanio, fsend
psmyda, gg-solver
Kabanosk, graph-recommendation-system
programista-artysta, MountainExplorer
ximot, OtterService
Dorosz, Paragonik
poglodek,Praw.io
DominikLisek, public
szwolinski, selene-commerce
thomdabrowski, volley
jimmorrisson, yetanothergbemulator
BKDDFS, yt_automation_system'